neigh_number,cases,week
1,1,9
1,1,10
1,0,11
1,0,12
1,0,13
1,0,14
1,2,15
1,0,16
1,1,17
1,0,18
1,1,19
1,0,20
1,0,21
1,0,22
1,0,23
1,0,24
1,0,25
1,0,26
1,0,27
1,0,28
1,0,29
1,0,30
1,0,31
1,0,32
1,0,33
1,1,34
1,0,35
1,0,36
1,0,37
1,0,38
1,0,39
1,0,40
1,0,41
1,0,42
1,0,43
1,0,44
1,0,45
1,1,46
1,1,47
1,0,48
1,0,49
1,2,50
1,1,51
1,3,52
2,6,9
2,3,10
2,7,11
2,4,12
2,7,13
2,5,14
2,14,15
2,7,16
2,7,17
2,7,18
2,4,19
2,5,20
2,3,21
2,7,22
2,2,23
2,1,24
2,1,25
2,0,26
2,1,27
2,1,28
2,0,29
2,2,30
2,0,31
2,2,32
2,0,33
2,0,34
2,1,35
2,1,36
2,1,37
2,3,38
2,0,39
2,1,40
2,0,41
2,2,42
2,1,43
2,1,44
2,5,45
2,1,46
2,0,47
2,3,48
2,2,49
2,1,50
2,1,51
2,3,52
3,0,9
3,2,10
3,1,11
3,6,12
3,4,13
3,3,14
3,4,15
3,10,16
3,6,17
3,7,18
3,6,19
3,5,20
3,1,21
3,6,22
3,3,23
3,1,24
3,1,25
3,1,26
3,1,27
3,0,28
3,2,29
3,0,30
3,1,31
3,1,32
3,0,33
3,0,34
3,0,35
3,0,36
3,0,37
3,0,38
3,1,39
3,0,40
3,0,41
3,0,42
3,0,43
3,0,44
3,0,45
3,2,46
3,0,47
3,2,48
3,1,49
3,1,50
3,1,51
3,2,52
4,0,9
4,0,10
4,1,11
4,0,12
4,2,13
4,2,14
4,1,15
4,4,16
4,2,17
4,3,18
4,4,19
4,3,20
4,1,21
4,2,22
4,2,23
4,1,24
4,2,25
4,3,26
4,0,27
4,1,28
4,0,29
4,0,30
4,0,31
4,0,32
4,1,33
4,0,34
4,0,35
4,1,36
4,1,37
4,0,38
4,0,39
4,0,40
4,0,41
4,1,42
4,0,43
4,0,44
4,0,45
4,0,46
4,0,47
4,1,48
4,0,49
4,0,50
4,0,51
4,1,52
5,1,9
5,0,10
5,3,11
5,1,12
5,2,13
5,0,14
5,3,15
5,6,16
5,3,17
5,3,18
5,4,19
5,2,20
5,2,21
5,1,22
5,2,23
5,0,24
5,0,25
5,0,26
5,5,27
5,1,28
5,1,29
5,0,30
5,0,31
5,0,32
5,1,33
5,0,34
5,0,35
5,0,36
5,0,37
5,0,38
5,1,39
5,0,40
5,0,41
5,0,42
5,0,43
5,0,44
5,0,45
5,1,46
5,0,47
5,2,48
5,0,49
5,0,50
5,0,51
5,3,52
6,2,9
6,6,10
6,12,11
6,13,12
6,17,13
6,38,14
6,49,15
6,54,16
6,28,17
6,4,18
6,0,19
6,9,20
6,2,21
6,2,22
6,0,23
6,0,24
6,0,25
6,0,26
6,1,27
6,0,28
6,0,29
6,0,30
6,0,31
6,0,32
6,0,33
6,0,34
6,0,35
6,0,36
6,0,37
6,1,38
6,0,39
6,0,40
6,1,41
6,3,42
6,4,43
6,3,44
6,4,45
6,2,46
6,2,47
6,3,48
6,4,49
6,3,50
6,7,51
6,21,52
7,3,9
7,2,10
7,6,11
7,4,12
7,4,13
7,12,14
7,9,15
7,11,16
7,13,17
7,7,18
7,7,19
7,7,20
7,10,21
7,4,22
7,4,23
7,1,24
7,2,25
7,2,26
7,2,27
7,1,28
7,1,29
7,2,30
7,1,31
7,2,32
7,1,33
7,1,34
7,0,35
7,0,36
7,0,37
7,2,38
7,2,39
7,3,40
7,1,41
7,2,42
7,2,43
7,5,44
7,0,45
7,1,46
7,1,47
7,3,48
7,3,49
7,1,50
7,1,51
7,2,52
8,0,9
8,0,10
8,0,11
8,1,12
8,2,13
8,2,14
8,3,15
8,4,16
8,11,17
8,6,18
8,8,19
8,6,20
8,3,21
8,4,22
8,3,23
8,0,24
8,1,25
8,0,26
8,0,27
8,0,28
8,0,29
8,0,30
8,0,31
8,0,32
8,1,33
8,0,34
8,0,35
8,0,36
8,0,37
8,0,38
8,0,39
8,0,40
8,0,41
8,1,42
8,0,43
8,0,44
8,0,45
8,1,46
8,0,47
8,0,48
8,0,49
8,0,50
8,0,51
8,0,52
9,0,9
9,1,10
9,3,11
9,3,12
9,4,13
9,3,14
9,1,15
9,5,16
9,2,17
9,4,18
9,4,19
9,3,20
9,1,21
9,0,22
9,2,23
9,2,24
9,0,25
9,0,26
9,1,27
9,0,28
9,0,29
9,0,30
9,0,31
9,0,32
9,0,33
9,0,34
9,0,35
9,0,36
9,0,37
9,0,38
9,0,39
9,0,40
9,1,41
9,0,42
9,0,43
9,0,44
9,0,45
9,1,46
9,0,47
9,1,48
9,0,49
9,0,50
9,2,51
9,1,52
10,2,9
10,1,10
10,0,11
10,0,12
10,1,13
10,4,14
10,7,15
10,16,16
10,4,17
10,15,18
10,11,19
10,8,20
10,8,21
10,6,22
10,4,23
10,5,24
10,2,25
10,3,26
10,0,27
10,0,28
10,0,29
10,1,30
10,1,31
10,1,32
10,0,33
10,0,34
10,1,35
10,0,36
10,0,37
10,1,38
10,0,39
10,0,40
10,1,41
10,1,42
10,1,43
10,1,44
10,2,45
10,1,46
10,1,47
10,0,48
10,0,49
10,1,50
10,0,51
10,3,52
11,0,9
11,0,10
11,2,11
11,2,12
11,1,13
11,3,14
11,1,15
11,6,16
11,9,17
11,3,18
11,1,19
11,3,20
11,3,21
11,2,22
11,4,23
11,1,24
11,0,25
11,2,26
11,2,27
11,2,28
11,1,29
11,0,30
11,0,31
11,1,32
11,0,33
11,0,34
11,0,35
11,0,36
11,0,37
11,0,38
11,0,39
11,0,40
11,0,41
11,0,42
11,1,43
11,0,44
11,1,45
11,0,46
11,2,47
11,1,48
11,0,49
11,0,50
11,0,51
11,0,52
12,0,9
12,1,10
12,3,11
12,4,12
12,2,13
12,1,14
12,2,15
12,12,16
12,8,17
12,5,18
12,1,19
12,7,20
12,5,21
12,4,22
12,3,23
12,3,24
12,1,25
12,1,26
12,1,27
12,1,28
12,1,29
12,0,30
12,0,31
12,1,32
12,0,33
12,0,34
12,1,35
12,0,36
12,0,37
12,1,38
12,0,39
12,2,40
12,0,41
12,0,42
12,0,43
12,0,44
12,1,45
12,0,46
12,0,47
12,0,48
12,0,49
12,0,50
12,1,51
12,1,52
13,0,9
13,1,10
13,1,11
13,0,12
13,0,13
13,1,14
13,1,15
13,1,16
13,1,17
13,0,18
13,0,19
13,2,20
13,1,21
13,0,22
13,1,23
13,1,24
13,0,25
13,0,26
13,2,27
13,0,28
13,2,29
13,0,30
13,0,31
13,1,32
13,1,33
13,0,34
13,1,35
13,1,36
13,2,37
13,0,38
13,1,39
13,1,40
13,1,41
13,0,42
13,1,43
13,1,44
13,1,45
13,0,46
13,0,47
13,0,48
13,0,49
13,1,50
13,2,51
13,1,52
14,2,9
14,4,10
14,2,11
14,1,12
14,6,13
14,9,14
14,5,15
14,16,16
14,6,17
14,15,18
14,8,19
14,10,20
14,4,21
14,8,22
14,4,23
14,5,24
14,0,25
14,2,26
14,0,27
14,0,28
14,1,29
14,1,30
14,2,31
14,1,32
14,1,33
14,0,34
14,0,35
14,0,36
14,1,37
14,0,38
14,0,39
14,1,40
14,1,41
14,0,42
14,0,43
14,1,44
14,2,45
14,1,46
14,2,47
14,1,48
14,0,49
14,1,50
14,1,51
14,5,52
15,0,9
15,0,10
15,0,11
15,0,12
15,0,13
15,0,14
15,0,15
15,1,16
15,0,17
15,2,18
15,0,19
15,0,20
15,1,21
15,0,22
15,0,23
15,1,24
15,2,25
15,0,26
15,0,27
15,0,28
15,0,29
15,1,30
15,0,31
15,0,32
15,0,33
15,2,34
15,0,35
15,0,36
15,0,37
15,0,38
15,0,39
15,0,40
15,0,41
15,2,42
15,0,43
15,0,44
15,0,45
15,0,46
15,0,47
15,1,48
15,0,49
15,0,50
15,0,51
15,1,52
16,0,9
16,0,10
16,0,11
16,0,12
16,1,13
16,0,14
16,0,15
16,1,16
16,0,17
16,0,18
16,0,19
16,0,20
16,0,21
16,0,22
16,1,23
16,0,24
16,0,25
16,0,26
16,0,27
16,0,28
16,0,29
16,0,30
16,0,31
16,1,32
16,0,33
16,0,34
16,0,35
16,1,36
16,0,37
16,0,38
16,0,39
16,2,40
16,0,41
16,0,42
16,0,43
16,0,44
16,0,45
16,0,46
16,0,47
16,1,48
16,0,49
16,0,50
16,0,51
16,1,52
17,1,9
17,0,10
17,0,11
17,2,12
17,1,13
17,2,14
17,4,15
17,0,16
17,0,17
17,2,18
17,0,19
17,0,20
17,0,21
17,4,22
17,0,23
17,0,24
17,0,25
17,0,26
17,0,27
17,0,28
17,0,29
17,0,30
17,1,31
17,0,32
17,1,33
17,1,34
17,0,35
17,0,36
17,0,37
17,1,38
17,0,39
17,0,40
17,0,41
17,0,42
17,0,43
17,0,44
17,0,45
17,1,46
17,1,47
17,0,48
17,0,49
17,0,50
17,1,51
17,0,52
18,0,9
18,0,10
18,0,11
18,0,12
18,1,13
18,0,14
18,0,15
18,0,16
18,0,17
18,0,18
18,0,19
18,0,20
18,2,21
18,0,22
18,0,23
18,0,24
18,0,25
18,0,26
18,1,27
18,0,28
18,0,29
18,0,30
18,1,31
18,0,32
18,0,33
18,0,34
18,0,35
18,0,36
18,0,37
18,0,38
18,1,39
18,0,40
18,1,41
18,1,42
18,0,43
18,1,44
18,1,45
18,1,46
18,0,47
18,0,48
18,0,49
18,0,50
18,0,51
18,1,52
19,0,9
19,0,10
19,0,11
19,0,12
19,0,13
19,0,14
19,0,15
19,0,16
19,0,17
19,0,18
19,0,19
19,0,20
19,0,21
19,0,22
19,0,23
19,0,24
19,0,25
19,0,26
19,0,27
19,0,28
19,0,29
19,0,30
19,0,31
19,0,32
19,0,33
19,0,34
19,0,35
19,0,36
19,0,37
19,0,38
19,0,39
19,0,40
19,0,41
19,1,42
19,1,43
19,0,44
19,0,45
19,0,46
19,0,47
19,0,48
19,0,49
19,0,50
19,0,51
19,0,52
20,1,9
20,0,10
20,1,11
20,2,12
20,1,13
20,1,14
20,5,15
20,3,16
20,3,17
20,7,18
20,7,19
20,8,20
20,3,21
20,5,22
20,2,23
20,0,24
20,2,25
20,3,26
20,3,27
20,0,28
20,0,29
20,0,30
20,1,31
20,0,32
20,0,33
20,0,34
20,0,35
20,1,36
20,1,37
20,0,38
20,3,39
20,0,40
20,0,41
20,1,42
20,2,43
20,3,44
20,1,45
20,0,46
20,1,47
20,1,48
20,3,49
20,0,50
20,1,51
20,5,52
21,0,9
21,0,10
21,2,11
21,1,12
21,0,13
21,0,14
21,0,15
21,1,16
21,0,17
21,0,18
21,1,19
21,0,20
21,0,21
21,0,22
21,1,23
21,0,24
21,0,25
21,0,26
21,0,27
21,0,28
21,0,29
21,0,30
21,0,31
21,0,32
21,0,33
21,0,34
21,0,35
21,0,36
21,0,37
21,0,38
21,0,39
21,0,40
21,0,41
21,0,42
21,0,43
21,0,44
21,0,45
21,0,46
21,0,47
21,0,48
21,0,49
21,0,50
21,1,51
21,0,52
22,0,9
22,0,10
22,0,11
22,0,12
22,0,13
22,0,14
22,0,15
22,0,16
22,0,17
22,0,18
22,0,19
22,0,20
22,0,21
22,0,22
22,0,23
22,0,24
22,0,25
22,0,26
22,0,27
22,0,28
22,0,29
22,0,30
22,0,31
22,1,32
22,0,33
22,0,34
22,0,35
22,0,36
22,0,37
22,0,38
22,0,39
22,0,40
22,0,41
22,0,42
22,0,43
22,0,44
22,0,45
22,0,46
22,0,47
22,0,48
22,0,49
22,0,50
22,0,51
22,0,52
23,0,9
23,0,10
23,0,11
23,0,12
23,0,13
23,0,14
23,0,15
23,0,16
23,1,17
23,3,18
23,2,19
23,3,20
23,1,21
23,2,22
23,0,23
23,0,24
23,0,25
23,0,26
23,0,27
23,0,28
23,0,29
23,1,30
23,0,31
23,0,32
23,0,33
23,0,34
23,0,35
23,0,36
23,0,37
23,0,38
23,0,39
23,0,40
23,1,41
23,0,42
23,0,43
23,0,44
23,0,45
23,0,46
23,0,47
23,0,48
23,0,49
23,0,50
23,0,51
23,0,52
24,2,9
24,1,10
24,0,11
24,3,12
24,2,13
24,3,14
24,10,15
24,6,16
24,9,17
24,8,18
24,10,19
24,5,20
24,3,21
24,9,22
24,5,23
24,2,24
24,4,25
24,2,26
24,0,27
24,2,28
24,2,29
24,1,30
24,2,31
24,0,32
24,0,33
24,0,34
24,0,35
24,0,36
24,0,37
24,0,38
24,0,39
24,1,40
24,0,41
24,2,42
24,2,43
24,1,44
24,0,45
24,2,46
24,1,47
24,0,48
24,0,49
24,0,50
24,1,51
24,4,52
25,0,9
25,1,10
25,1,11
25,0,12
25,2,13
25,1,14
25,1,15
25,1,16
25,1,17
25,1,18
25,0,19
25,0,20
25,0,21
25,2,22
25,0,23
25,0,24
25,1,25
25,0,26
25,1,27
25,0,28
25,0,29
25,0,30
25,0,31
25,1,32
25,0,33
25,2,34
25,1,35
25,0,36
25,0,37
25,1,38
25,0,39
25,0,40
25,0,41
25,0,42
25,0,43
25,0,44
25,0,45
25,0,46
25,0,47
25,0,48
25,0,49
25,0,50
25,0,51
25,1,52
26,1,9
26,1,10
26,0,11
26,0,12
26,0,13
26,0,14
26,0,15
26,0,16
26,0,17
26,1,18
26,0,19
26,0,20
26,0,21
26,0,22
26,0,23
26,1,24
26,0,25
26,0,26
26,0,27
26,0,28
26,0,29
26,0,30
26,1,31
26,0,32
26,1,33
26,0,34
26,3,35
26,1,36
26,0,37
26,1,38
26,0,39
26,1,40
26,1,41
26,0,42
26,0,43
26,0,44
26,0,45
26,1,46
26,0,47
26,0,48
26,1,49
26,0,50
26,0,51
26,0,52
27,0,9
27,0,10
27,0,11
27,0,12
27,0,13
27,0,14
27,0,15
27,0,16
27,0,17
27,1,18
27,0,19
27,0,20
27,2,21
27,0,22
27,1,23
27,0,24
27,0,25
27,1,26
27,1,27
27,0,28
27,0,29
27,0,30
27,0,31
27,0,32
27,0,33
27,0,34
27,0,35
27,0,36
27,0,37
27,1,38
27,0,39
27,0,40
27,0,41
27,0,42
27,0,43
27,0,44
27,0,45
27,0,46
27,0,47
27,0,48
27,0,49
27,1,50
27,0,51
27,0,52
28,1,9
28,1,10
28,0,11
28,0,12
28,0,13
28,0,14
28,1,15
28,0,16
28,0,17
28,0,18
28,0,19
28,0,20
28,0,21
28,0,22
28,0,23
28,0,24
28,1,25
28,0,26
28,1,27
28,0,28
28,0,29
28,0,30
28,0,31
28,0,32
28,0,33
28,0,34
28,0,35
28,0,36
28,0,37
28,0,38
28,1,39
28,0,40
28,2,41
28,1,42
28,1,43
28,0,44
28,0,45
28,0,46
28,0,47
28,0,48
28,0,49
28,0,50
28,0,51
28,0,52
29,1,9
29,0,10
29,1,11
29,0,12
29,0,13
29,0,14
29,2,15
29,1,16
29,1,17
29,1,18
29,0,19
29,0,20
29,0,21
29,0,22
29,0,23
29,1,24
29,1,25
29,0,26
29,0,27
29,0,28
29,0,29
29,0,30
29,0,31
29,0,32
29,0,33
29,0,34
29,0,35
29,1,36
29,0,37
29,1,38
29,0,39
29,0,40
29,0,41
29,0,42
29,2,43
29,0,44
29,0,45
29,0,46
29,0,47
29,0,48
29,1,49
29,0,50
29,1,51
29,0,52
30,0,9
30,0,10
30,1,11
30,2,12
30,2,13
30,0,14
30,4,15
30,1,16
30,1,17
30,1,18
30,0,19
30,0,20
30,1,21
30,0,22
30,0,23
30,0,24
30,0,25
30,0,26
30,0,27
30,0,28
30,0,29
30,0,30
30,0,31
30,0,32
30,0,33
30,0,34
30,0,35
30,0,36
30,0,37
30,0,38
30,0,39
30,0,40
30,0,41
30,0,42
30,0,43
30,0,44
30,0,45
30,0,46
30,0,47
30,0,48
30,0,49
30,0,50
30,1,51
30,0,52
31,0,9
31,0,10
31,0,11
31,0,12
31,0,13
31,0,14
31,0,15
31,0,16
31,0,17
31,0,18
31,0,19
31,0,20
31,0,21
31,0,22
31,0,23
31,0,24
31,0,25
31,0,26
31,0,27
31,0,28
31,0,29
31,0,30
31,0,31
31,0,32
31,0,33
31,0,34
31,0,35
31,0,36
31,0,37
31,0,38
31,0,39
31,0,40
31,0,41
31,0,42
31,0,43
31,0,44
31,0,45
31,1,46
31,0,47
31,1,48
31,0,49
31,0,50
31,0,51
31,0,52
32,0,9
32,0,10
32,1,11
32,0,12
32,2,13
32,0,14
32,2,15
32,2,16
32,0,17
32,1,18
32,0,19
32,0,20
32,0,21
32,0,22
32,0,23
32,0,24
32,0,25
32,0,26
32,0,27
32,0,28
32,0,29
32,0,30
32,0,31
32,0,32
32,0,33
32,0,34
32,1,35
32,0,36
32,0,37
32,1,38
32,0,39
32,0,40
32,0,41
32,0,42
32,0,43
32,1,44
32,0,45
32,0,46
32,0,47
32,0,48
32,1,49
32,0,50
32,1,51
32,0,52
33,10,9
33,8,10
33,11,11
33,13,12
33,12,13
33,27,14
33,12,15
33,22,16
33,20,17
33,11,18
33,21,19
33,18,20
33,12,21
33,19,22
33,11,23
33,6,24
33,5,25
33,5,26
33,4,27
33,5,28
33,3,29
33,9,30
33,3,31
33,1,32
33,2,33
33,1,34
33,3,35
33,4,36
33,1,37
33,2,38
33,0,39
33,1,40
33,1,41
33,0,42
33,1,43
33,2,44
33,2,45
33,1,46
33,0,47
33,2,48
33,0,49
33,1,50
33,2,51
33,1,52
34,1,9
34,0,10
34,0,11
34,1,12
34,1,13
34,0,14
34,0,15
34,2,16
34,2,17
34,0,18
34,1,19
34,2,20
34,0,21
34,0,22
34,1,23
34,1,24
34,0,25
34,0,26
34,0,27
34,0,28
34,0,29
34,0,30
34,0,31
34,0,32
34,0,33
34,0,34
34,0,35
34,0,36
34,0,37
34,0,38
34,0,39
34,0,40
34,0,41
34,0,42
34,0,43
34,0,44
34,0,45
34,0,46
34,0,47
34,0,48
34,0,49
34,0,50
34,0,51
34,0,52
35,0,9
35,0,10
35,2,11
35,1,12
35,1,13
35,5,14
35,3,15
35,0,16
35,1,17
35,2,18
35,1,19
35,1,20
35,2,21
35,0,22
35,2,23
35,3,24
35,1,25
35,1,26
35,3,27
35,0,28
35,1,29
35,0,30
35,0,31
35,0,32
35,0,33
35,0,34
35,1,35
35,0,36
35,0,37
35,0,38
35,1,39
35,1,40
35,0,41
35,0,42
35,0,43
35,0,44
35,1,45
35,0,46
35,0,47
35,2,48
35,0,49
35,0,50
35,0,51
35,0,52
36,5,9
36,4,10
36,6,11
36,3,12
36,9,13
36,7,14
36,11,15
36,14,16
36,16,17
36,15,18
36,10,19
36,16,20
36,12,21
36,6,22
36,5,23
36,3,24
36,5,25
36,2,26
36,1,27
36,1,28
36,2,29
36,2,30
36,6,31
36,3,32
36,2,33
36,0,34
36,0,35
36,1,36
36,1,37
36,1,38
36,1,39
36,1,40
36,1,41
36,1,42
36,1,43
36,0,44
36,2,45
36,2,46
36,0,47
36,3,48
36,1,49
36,2,50
36,2,51
36,1,52
37,4,9
37,3,10
37,5,11
37,7,12
37,4,13
37,6,14
37,5,15
37,5,16
37,1,17
37,3,18
37,6,19
37,2,20
37,5,21
37,3,22
37,5,23
37,6,24
37,1,25
37,2,26
37,4,27
37,1,28
37,1,29
37,1,30
37,3,31
37,2,32
37,0,33
37,1,34
37,1,35
37,0,36
37,1,37
37,2,38
37,1,39
37,0,40
37,0,41
37,0,42
37,0,43
37,1,44
37,0,45
37,0,46
37,0,47
37,0,48
37,0,49
37,0,50
37,0,51
37,0,52
38,3,9
38,2,10
38,2,11
38,2,12
38,4,13
38,3,14
38,8,15
38,10,16
38,6,17
38,7,18
38,5,19
38,0,20
38,3,21
38,3,22
38,2,23
38,5,24
38,2,25
38,1,26
38,3,27
38,1,28
38,0,29
38,0,30
38,0,31
38,0,32
38,0,33
38,2,34
38,0,35
38,1,36
38,0,37
38,1,38
38,0,39
38,0,40
38,0,41
38,1,42
38,0,43
38,1,44
38,0,45
38,2,46
38,1,47
38,1,48
38,0,49
38,1,50
38,0,51
38,0,52
39,1,9
39,2,10
39,0,11
39,3,12
39,3,13
39,2,14
39,8,15
39,4,16
39,3,17
39,4,18
39,7,19
39,5,20
39,1,21
39,8,22
39,2,23
39,0,24
39,6,25
39,5,26
39,2,27
39,4,28
39,2,29
39,2,30
39,4,31
39,1,32
39,0,33
39,0,34
39,1,35
39,1,36
39,2,37
39,3,38
39,1,39
39,3,40
39,1,41
39,1,42
39,0,43
39,1,44
39,1,45
39,2,46
39,2,47
39,2,48
39,2,49
39,0,50
39,1,51
39,1,52
40,1,9
40,0,10
40,0,11
40,2,12
40,2,13
40,3,14
40,4,15
40,8,16
40,7,17
40,6,18
40,6,19
40,4,20
40,7,21
40,0,22
40,2,23
40,2,24
40,3,25
40,1,26
40,1,27
40,1,28
40,0,29
40,1,30
40,0,31
40,0,32
40,0,33
40,0,34
40,0,35
40,1,36
40,0,37
40,1,38
40,0,39
40,0,40
40,0,41
40,0,42
40,0,43
40,0,44
40,0,45
40,0,46
40,0,47
40,0,48
40,0,49
40,3,50
40,0,51
40,0,52
41,2,9
41,0,10
41,4,11
41,3,12
41,4,13
41,9,14
41,7,15
41,17,16
41,14,17
41,15,18
41,15,19
41,12,20
41,14,21
41,11,22
41,8,23
41,8,24
41,6,25
41,4,26
41,3,27
41,13,28
41,3,29
41,3,30
41,2,31
41,3,32
41,2,33
41,0,34
41,0,35
41,0,36
41,0,37
41,1,38
41,1,39
41,1,40
41,1,41
41,1,42
41,0,43
41,0,44
41,2,45
41,1,46
41,0,47
41,0,48
41,0,49
41,2,50
41,2,51
41,4,52
42,1,9
42,2,10
42,7,11
42,8,12
42,15,13
42,15,14
42,23,15
42,34,16
42,27,17
42,30,18
42,32,19
42,21,20
42,29,21
42,23,22
42,11,23
42,9,24
42,9,25
42,8,26
42,6,27
42,5,28
42,4,29
42,1,30
42,2,31
42,2,32
42,1,33
42,1,34
42,1,35
42,3,36
42,0,37
42,1,38
42,0,39
42,1,40
42,0,41
42,1,42
42,0,43
42,1,44
42,2,45
42,1,46
42,1,47
42,2,48
42,3,49
42,1,50
42,4,51
42,3,52
43,1,9
43,1,10
43,1,11
43,4,12
43,7,13
43,10,14
43,21,15
43,21,16
43,10,17
43,12,18
43,10,19
43,16,20
43,18,21
43,14,22
43,16,23
43,7,24
43,4,25
43,4,26
43,5,27
43,2,28
43,3,29
43,1,30
43,1,31
43,1,32
43,0,33
43,4,34
43,3,35
43,2,36
43,1,37
43,2,38
43,2,39
43,0,40
43,0,41
43,3,42
43,3,43
43,1,44
43,1,45
43,1,46
43,1,47
43,1,48
43,0,49
43,2,50
43,3,51
43,4,52
44,5,9
44,0,10
44,1,11
44,7,12
44,9,13
44,6,14
44,17,15
44,22,16
44,21,17
44,17,18
44,10,19
44,10,20
44,15,21
44,12,22
44,7,23
44,3,24
44,3,25
44,7,26
44,4,27
44,2,28
44,3,29
44,1,30
44,2,31
44,2,32
44,0,33
44,0,34
44,0,35
44,1,36
44,2,37
44,1,38
44,0,39
44,2,40
44,0,41
44,0,42
44,1,43
44,0,44
44,1,45
44,1,46
44,0,47
44,1,48
44,2,49
44,2,50
44,3,51
44,1,52
45,0,9
45,2,10
45,0,11
45,5,12
45,4,13
45,8,14
45,13,15
45,13,16
45,12,17
45,12,18
45,10,19
45,6,20
45,10,21
45,9,22
45,9,23
45,7,24
45,5,25
45,3,26
45,1,27
45,3,28
45,1,29
45,0,30
45,3,31
45,0,32
45,0,33
45,1,34
45,2,35
45,2,36
45,1,37
45,3,38
45,3,39
45,1,40
45,3,41
45,1,42
45,1,43
45,0,44
45,1,45
45,2,46
45,2,47
45,2,48
45,5,49
45,1,50
45,1,51
45,4,52
46,0,9
46,1,10
46,1,11
46,3,12
46,4,13
46,8,14
46,12,15
46,22,16
46,20,17
46,25,18
46,18,19
46,11,20
46,13,21
46,11,22
46,14,23
46,7,24
46,8,25
46,2,26
46,1,27
46,2,28
46,1,29
46,0,30
46,3,31
46,1,32
46,0,33
46,0,34
46,0,35
46,0,36
46,0,37
46,2,38
46,0,39
46,1,40
46,0,41
46,0,42
46,0,43
46,1,44
46,2,45
46,0,46
46,0,47
46,0,48
46,1,49
46,0,50
46,1,51
46,4,52
47,0,9
47,0,10
47,0,11
47,0,12
47,0,13
47,0,14
47,1,15
47,0,16
47,0,17
47,0,18
47,1,19
47,1,20
47,0,21
47,1,22
47,1,23
47,0,24
47,0,25
47,2,26
47,0,27
47,0,28
47,0,29
47,0,30
47,0,31
47,0,32
47,0,33
47,0,34
47,1,35
47,0,36
47,0,37
47,1,38
47,0,39
47,1,40
47,0,41
47,1,42
47,0,43
47,1,44
47,0,45
47,0,46
47,0,47
47,0,48
47,0,49
47,0,50
47,0,51
47,0,52
48,2,9
48,1,10
48,2,11
48,4,12
48,5,13
48,3,14
48,8,15
48,8,16
48,12,17
48,6,18
48,11,19
48,7,20
48,3,21
48,3,22
48,3,23
48,1,24
48,2,25
48,6,26
48,0,27
48,1,28
48,2,29
48,0,30
48,0,31
48,0,32
48,1,33
48,0,34
48,0,35
48,1,36
48,1,37
48,1,38
48,1,39
48,0,40
48,0,41
48,0,42
48,0,43
48,0,44
48,0,45
48,0,46
48,1,47
48,1,48
48,0,49
48,1,50
48,1,51
48,1,52
49,0,9
49,0,10
49,3,11
49,2,12
49,1,13
49,2,14
49,1,15
49,3,16
49,4,17
49,0,18
49,3,19
49,0,20
49,0,21
49,0,22
49,0,23
49,0,24
49,0,25
49,0,26
49,0,27
49,0,28
49,0,29
49,0,30
49,1,31
49,0,32
49,0,33
49,0,34
49,0,35
49,1,36
49,0,37
49,1,38
49,0,39
49,0,40
49,0,41
49,0,42
49,1,43
49,0,44
49,1,45
49,1,46
49,0,47
49,1,48
49,1,49
49,1,50
49,1,51
49,3,52
50,0,9
50,2,10
50,2,11
50,1,12
50,2,13
50,2,14
50,4,15
50,7,16
50,5,17
50,2,18
50,5,19
50,7,20
50,1,21
50,4,22
50,2,23
50,0,24
50,1,25
50,2,26
50,5,27
50,1,28
50,1,29
50,0,30
50,0,31
50,0,32
50,0,33
50,0,34
50,0,35
50,0,36
50,0,37
50,0,38
50,0,39
50,0,40
50,0,41
50,0,42
50,0,43
50,0,44
50,0,45
50,0,46
50,0,47
50,0,48
50,0,49
50,0,50
50,0,51
50,1,52
51,0,9
51,2,10
51,0,11
51,2,12
51,5,13
51,5,14
51,6,15
51,11,16
51,16,17
51,9,18
51,12,19
51,9,20
51,4,21
51,12,22
51,7,23
51,1,24
51,1,25
51,2,26
51,0,27
51,1,28
51,3,29
51,0,30
51,0,31
51,1,32
51,0,33
51,0,34
51,0,35
51,0,36
51,1,37
51,0,38
51,0,39
51,1,40
51,0,41
51,0,42
51,0,43
51,0,44
51,0,45
51,0,46
51,0,47
51,0,48
51,0,49
51,0,50
51,0,51
51,0,52
52,2,9
52,0,10
52,0,11
52,2,12
52,0,13
52,3,14
52,3,15
52,4,16
52,6,17
52,7,18
52,5,19
52,2,20
52,5,21
52,1,22
52,2,23
52,3,24
52,1,25
52,0,26
52,0,27
52,0,28
52,0,29
52,0,30
52,0,31
52,1,32
52,0,33
52,0,34
52,0,35
52,0,36
52,0,37
52,0,38
52,0,39
52,0,40
52,0,41
52,0,42
52,0,43
52,0,44
52,0,45
52,0,46
52,0,47
52,0,48
52,0,49
52,0,50
52,1,51
52,0,52
53,0,9
53,0,10
53,0,11
53,2,12
53,0,13
53,3,14
53,2,15
53,5,16
53,3,17
53,3,18
53,8,19
53,3,20
53,4,21
53,2,22
53,1,23
53,1,24
53,0,25
53,2,26
53,1,27
53,0,28
53,1,29
53,0,30
53,0,31
53,0,32
53,0,33
53,0,34
53,1,35
53,0,36
53,0,37
53,0,38
53,0,39
53,0,40
53,0,41
53,0,42
53,0,43
53,0,44
53,0,45
53,0,46
53,1,47
53,0,48
53,0,49
53,0,50
53,0,51
53,0,52
54,2,9
54,5,10
54,4,11
54,3,12
54,7,13
54,6,14
54,11,15
54,14,16
54,10,17
54,16,18
54,13,19
54,11,20
54,7,21
54,15,22
54,12,23
54,5,24
54,3,25
54,3,26
54,3,27
54,3,28
54,0,29
54,0,30
54,5,31
54,2,32
54,1,33
54,0,34
54,1,35
54,1,36
54,0,37
54,1,38
54,0,39
54,1,40
54,1,41
54,2,42
54,0,43
54,0,44
54,0,45
54,1,46
54,1,47
54,0,48
54,0,49
54,2,50
54,0,51
54,4,52
55,0,9
55,3,10
55,3,11
55,5,12
55,2,13
55,5,14
55,14,15
55,5,16
55,6,17
55,5,18
55,3,19
55,11,20
55,5,21
55,3,22
55,4,23
55,3,24
55,1,25
55,1,26
55,2,27
55,1,28
55,0,29
55,0,30
55,0,31
55,0,32
55,1,33
55,0,34
55,1,35
55,0,36
55,0,37
55,1,38
55,0,39
55,0,40
55,1,41
55,0,42
55,0,43
55,1,44
55,2,45
55,0,46
55,0,47
55,0,48
55,2,49
55,2,50
55,1,51
55,2,52
56,0,9
56,0,10
56,2,11
56,1,12
56,1,13
56,0,14
56,3,15
56,4,16
56,4,17
56,2,18
56,6,19
56,3,20
56,0,21
56,2,22
56,0,23
56,1,24
56,2,25
56,2,26
56,0,27
56,0,28
56,0,29
56,1,30
56,1,31
56,0,32
56,0,33
56,0,34
56,0,35
56,1,36
56,0,37
56,0,38
56,1,39
56,0,40
56,0,41
56,0,42
56,0,43
56,1,44
56,0,45
56,0,46
56,0,47
56,0,48
56,0,49
56,0,50
56,0,51
56,1,52
57,1,9
57,0,10
57,0,11
57,0,12
57,0,13
57,1,14
57,2,15
57,2,16
57,1,17
57,1,18
57,1,19
57,1,20
57,2,21
57,2,22
57,0,23
57,0,24
57,0,25
57,0,26
57,0,27
57,0,28
57,0,29
57,0,30
57,0,31
57,0,32
57,0,33
57,0,34
57,0,35
57,0,36
57,0,37
57,0,38
57,0,39
57,0,40
57,0,41
57,0,42
57,0,43
57,0,44
57,0,45
57,0,46
57,0,47
57,0,48
57,0,49
57,0,50
57,0,51
57,0,52
58,0,9
58,0,10
58,1,11
58,1,12
58,4,13
58,0,14
58,5,15
58,4,16
58,3,17
58,3,18
58,0,19
58,3,20
58,4,21
58,2,22
58,2,23
58,1,24
58,1,25
58,0,26
58,1,27
58,0,28
58,0,29
58,0,30
58,0,31
58,0,32
58,0,33
58,1,34
58,0,35
58,0,36
58,0,37
58,0,38
58,1,39
58,0,40
58,0,41
58,0,42
58,0,43
58,0,44
58,0,45
58,0,46
58,0,47
58,0,48
58,0,49
58,0,50
58,0,51
58,0,52
59,0,9
59,2,10
59,3,11
59,3,12
59,3,13
59,7,14
59,7,15
59,3,16
59,6,17
59,6,18
59,6,19
59,6,20
59,5,21
59,5,22
59,4,23
59,1,24
59,1,25
59,1,26
59,1,27
59,2,28
59,0,29
59,2,30
59,0,31
59,1,32
59,0,33
59,0,34
59,0,35
59,0,36
59,0,37
59,0,38
59,0,39
59,0,40
59,0,41
59,0,42
59,0,43
59,0,44
59,0,45
59,0,46
59,0,47
59,0,48
59,1,49
59,1,50
59,0,51
59,0,52
60,0,9
60,3,10
60,0,11
60,6,12
60,4,13
60,3,14
60,12,15
60,9,16
60,5,17
60,8,18
60,18,19
60,15,20
60,11,21
60,10,22
60,8,23
60,0,24
60,1,25
60,5,26
60,6,27
60,6,28
60,3,29
60,2,30
60,1,31
60,3,32
60,0,33
60,1,34
60,0,35
60,0,36
60,1,37
60,0,38
60,0,39
60,1,40
60,0,41
60,2,42
60,0,43
60,0,44
60,2,45
60,0,46
60,2,47
60,2,48
60,1,49
60,1,50
60,1,51
60,2,52
61,6,9
61,2,10
61,7,11
61,3,12
61,9,13
61,10,14
61,13,15
61,24,16
61,21,17
61,18,18
61,18,19
61,16,20
61,13,21
61,17,22
61,13,23
61,11,24
61,6,25
61,2,26
61,4,27
61,5,28
61,2,29
61,1,30
61,1,31
61,1,32
61,1,33
61,1,34
61,0,35
61,0,36
61,1,37
61,0,38
61,0,39
61,0,40
61,0,41
61,2,42
61,0,43
61,0,44
61,1,45
61,1,46
61,1,47
61,1,48
61,0,49
61,0,50
61,4,51
61,0,52
62,1,9
62,2,10
62,2,11
62,1,12
62,6,13
62,4,14
62,11,15
62,12,16
62,11,17
62,10,18
62,10,19
62,9,20
62,8,21
62,4,22
62,8,23
62,2,24
62,3,25
62,4,26
62,3,27
62,0,28
62,2,29
62,0,30
62,0,31
62,0,32
62,0,33
62,0,34
62,0,35
62,1,36
62,0,37
62,0,38
62,0,39
62,0,40
62,1,41
62,0,42
62,0,43
62,1,44
62,0,45
62,0,46
62,0,47
62,0,48
62,1,49
62,0,50
62,0,51
62,1,52
63,2,9
63,2,10
63,3,11
63,2,12
63,4,13
63,13,14
63,8,15
63,9,16
63,14,17
63,19,18
63,12,19
63,9,20
63,8,21
63,11,22
63,7,23
63,5,24
63,4,25
63,4,26
63,2,27
63,3,28
63,2,29
63,1,30
63,2,31
63,0,32
63,2,33
63,0,34
63,2,35
63,1,36
63,0,37
63,0,38
63,1,39
63,1,40
63,1,41
63,2,42
63,0,43
63,0,44
63,2,45
63,2,46
63,0,47
63,0,48
63,1,49
63,1,50
63,3,51
63,4,52
64,1,9
64,6,10
64,2,11
64,2,12
64,5,13
64,4,14
64,7,15
64,8,16
64,12,17
64,3,18
64,8,19
64,7,20
64,5,21
64,6,22
64,2,23
64,2,24
64,3,25
64,2,26
64,1,27
64,5,28
64,1,29
64,1,30
64,0,31
64,2,32
64,2,33
64,0,34
64,1,35
64,0,36
64,0,37
64,0,38
64,1,39
64,1,40
64,0,41
64,3,42
64,0,43
64,0,44
64,1,45
64,2,46
64,1,47
64,1,48
64,0,49
64,1,50
64,2,51
64,1,52
65,1,9
65,2,10
65,2,11
65,3,12
65,3,13
65,3,14
65,6,15
65,11,16
65,7,17
65,8,18
65,5,19
65,9,20
65,6,21
65,10,22
65,7,23
65,7,24
65,2,25
65,5,26
65,1,27
65,0,28
65,1,29
65,0,30
65,2,31
65,0,32
65,0,33
65,0,34
65,0,35
65,1,36
65,0,37
65,1,38
65,0,39
65,0,40
65,0,41
65,2,42
65,2,43
65,1,44
65,0,45
65,0,46
65,0,47
65,0,48
65,2,49
65,0,50
65,0,51
65,1,52
66,2,9
66,2,10
66,1,11
66,4,12
66,3,13
66,2,14
66,11,15
66,14,16
66,13,17
66,14,18
66,4,19
66,14,20
66,4,21
66,8,22
66,3,23
66,4,24
66,2,25
66,1,26
66,1,27
66,2,28
66,0,29
66,1,30
66,0,31
66,1,32
66,0,33
66,0,34
66,0,35
66,0,36
66,0,37
66,1,38
66,0,39
66,1,40
66,1,41
66,1,42
66,0,43
66,0,44
66,0,45
66,0,46
66,1,47
66,1,48
66,0,49
66,1,50
66,0,51
66,2,52
67,0,9
67,0,10
67,0,11
67,0,12
67,0,13
67,0,14
67,0,15
67,0,16
67,0,17
67,0,18
67,1,19
67,0,20
67,0,21
67,0,22
67,0,23
67,0,24
67,0,25
67,0,26
67,0,27
67,0,28
67,0,29
67,0,30
67,0,31
67,0,32
67,0,33
67,0,34
67,0,35
67,0,36
67,1,37
67,0,38
67,1,39
67,0,40
67,1,41
67,0,42
67,0,43
67,0,44
67,0,45
67,0,46
67,0,47
67,1,48
67,0,49
67,0,50
67,0,51
67,0,52
68,0,9
68,1,10
68,2,11
68,2,12
68,5,13
68,1,14
68,4,15
68,7,16
68,2,17
68,4,18
68,3,19
68,5,20
68,3,21
68,2,22
68,7,23
68,1,24
68,4,25
68,0,26
68,1,27
68,2,28
68,2,29
68,1,30
68,0,31
68,1,32
68,0,33
68,2,34
68,0,35
68,2,36
68,1,37
68,2,38
68,0,39
68,1,40
68,1,41
68,0,42
68,0,43
68,0,44
68,1,45
68,0,46
68,0,47
68,1,48
68,1,49
68,0,50
68,0,51
68,3,52
69,0,9
69,1,10
69,3,11
69,2,12
69,2,13
69,10,14
69,7,15
69,13,16
69,15,17
69,11,18
69,10,19
69,3,20
69,7,21
69,5,22
69,8,23
69,3,24
69,1,25
69,6,26
69,3,27
69,0,28
69,1,29
69,1,30
69,1,31
69,0,32
69,3,33
69,2,34
69,1,35
69,0,36
69,3,37
69,0,38
69,0,39
69,0,40
69,0,41
69,1,42
69,3,43
69,1,44
69,0,45
69,1,46
69,0,47
69,0,48
69,0,49
69,1,50
69,2,51
69,1,52
70,0,9
70,0,10
70,1,11
70,1,12
70,2,13
70,1,14
70,2,15
70,1,16
70,5,17
70,3,18
70,2,19
70,3,20
70,2,21
70,3,22
70,3,23
70,2,24
70,1,25
70,1,26
70,0,27
70,1,28
70,0,29
70,0,30
70,1,31
70,0,32
70,0,33
70,0,34
70,1,35
70,0,36
70,0,37
70,0,38
70,0,39
70,0,40
70,0,41
70,0,42
70,0,43
70,2,44
70,0,45
70,1,46
70,0,47
70,0,48
70,0,49
70,0,50
70,0,51
70,0,52
71,1,9
71,1,10
71,2,11
71,4,12
71,5,13
71,3,14
71,5,15
71,6,16
71,7,17
71,10,18
71,5,19
71,1,20
71,17,21
71,6,22
71,10,23
71,3,24
71,4,25
71,3,26
71,3,27
71,3,28
71,1,29
71,1,30
71,0,31
71,1,32
71,0,33
71,0,34
71,0,35
71,0,36
71,0,37
71,1,38
71,0,39
71,0,40
71,0,41
71,0,42
71,1,43
71,0,44
71,1,45
71,2,46
71,0,47
71,2,48
71,0,49
71,0,50
71,0,51
71,0,52
72,0,9
72,1,10
72,3,11
72,1,12
72,1,13
72,6,14
72,2,15
72,12,16
72,10,17
72,3,18
72,5,19
72,11,20
72,4,21
72,7,22
72,2,23
72,3,24
72,1,25
72,3,26
72,5,27
72,0,28
72,1,29
72,0,30
72,0,31
72,1,32
72,0,33
72,0,34
72,0,35
72,1,36
72,0,37
72,0,38
72,1,39
72,0,40
72,0,41
72,0,42
72,0,43
72,1,44
72,0,45
72,1,46
72,0,47
72,0,48
72,1,49
72,1,50
72,0,51
72,0,52
73,1,9
73,1,10
73,1,11
73,0,12
73,0,13
73,3,14
73,2,15
73,5,16
73,5,17
73,6,18
73,1,19
73,1,20
73,11,21
73,3,22
73,2,23
73,1,24
73,1,25
73,2,26
73,1,27
73,0,28
73,1,29
73,1,30
73,1,31
73,0,32
73,2,33
73,1,34
73,0,35
73,0,36
73,1,37
73,2,38
73,1,39
73,0,40
73,0,41
73,0,42
73,0,43
73,0,44
73,0,45
73,0,46
73,1,47
73,0,48
73,0,49
73,0,50
73,0,51
73,0,52
74,1,9
74,2,10
74,1,11
74,1,12
74,1,13
74,0,14
74,3,15
74,2,16
74,6,17
74,8,18
74,10,19
74,5,20
74,4,21
74,4,22
74,6,23
74,2,24
74,2,25
74,5,26
74,0,27
74,1,28
74,1,29
74,1,30
74,2,31
74,0,32
74,2,33
74,0,34
74,0,35
74,0,36
74,1,37
74,1,38
74,0,39
74,0,40
74,0,41
74,0,42
74,0,43
74,1,44
74,2,45
74,1,46
74,0,47
74,1,48
74,0,49
74,0,50
74,2,51
74,1,52
75,0,9
75,1,10
75,0,11
75,0,12
75,0,13
75,0,14
75,1,15
75,0,16
75,0,17
75,0,18
75,0,19
75,0,20
75,2,21
75,0,22
75,0,23
75,0,24
75,0,25
75,0,26
75,0,27
75,0,28
75,0,29
75,0,30
75,0,31
75,0,32
75,0,33
75,0,34
75,0,35
75,1,36
75,0,37
75,0,38
75,0,39
75,0,40
75,0,41
75,0,42
75,0,43
75,0,44
75,0,45
75,0,46
75,1,47
75,0,48
75,0,49
75,0,50
75,0,51
75,0,52
76,4,9
76,3,10
76,0,11
76,2,12
76,0,13
76,3,14
76,2,15
76,2,16
76,2,17
76,4,18
76,3,19
76,4,20
76,6,21
76,3,22
76,3,23
76,6,24
76,4,25
76,4,26
76,5,27
76,6,28
76,3,29
76,7,30
76,4,31
76,2,32
76,4,33
76,6,34
76,4,35
76,4,36
76,5,37
76,3,38
76,2,39
76,3,40
76,1,41
76,0,42
76,1,43
76,2,44
76,2,45
76,5,46
76,5,47
76,5,48
76,4,49
76,3,50
76,1,51
76,3,52
77,0,9
77,2,10
77,2,11
77,2,12
77,3,13
77,5,14
77,2,15
77,3,16
77,3,17
77,2,18
77,3,19
77,1,20
77,1,21
77,1,22
77,2,23
77,1,24
77,0,25
77,0,26
77,1,27
77,2,28
77,0,29
77,1,30
77,0,31
77,0,32
77,0,33
77,0,34
77,0,35
77,0,36
77,1,37
77,0,38
77,1,39
77,0,40
77,0,41
77,1,42
77,0,43
77,0,44
77,0,45
77,1,46
77,0,47
77,0,48
77,0,49
77,1,50
77,2,51
77,0,52
78,0,9
78,2,10
78,2,11
78,1,12
78,6,13
78,4,14
78,7,15
78,10,16
78,13,17
78,3,18
78,5,19
78,10,20
78,9,21
78,5,22
78,4,23
78,2,24
78,1,25
78,0,26
78,0,27
78,0,28
78,0,29
78,0,30
78,2,31
78,0,32
78,0,33
78,0,34
78,0,35
78,0,36
78,0,37
78,0,38
78,0,39
78,0,40
78,0,41
78,0,42
78,0,43
78,0,44
78,0,45
78,0,46
78,0,47
78,0,48
78,0,49
78,0,50
78,0,51
78,0,52
79,1,9
79,2,10
79,4,11
79,2,12
79,4,13
79,4,14
79,4,15
79,13,16
79,7,17
79,7,18
79,7,19
79,2,20
79,3,21
79,4,22
79,1,23
79,1,24
79,1,25
79,2,26
79,0,27
79,0,28
79,0,29
79,1,30
79,0,31
79,0,32
79,0,33
79,0,34
79,0,35
79,0,36
79,0,37
79,0,38
79,1,39
79,2,40
79,1,41
79,0,42
79,0,43
79,0,44
79,0,45
79,1,46
79,1,47
79,0,48
79,0,49
79,0,50
79,1,51
79,0,52
80,0,9
80,0,10
80,0,11
80,1,12
80,2,13
80,2,14
80,4,15
80,7,16
80,1,17
80,2,18
80,1,19
80,3,20
80,6,21
80,3,22
80,4,23
80,0,24
80,1,25
80,1,26
80,2,27
80,0,28
80,0,29
80,1,30
80,0,31
80,0,32
80,0,33
80,0,34
80,0,35
80,0,36
80,0,37
80,0,38
80,0,39
80,0,40
80,1,41
80,1,42
80,0,43
80,0,44
80,0,45
80,0,46
80,1,47
80,0,48
80,0,49
80,0,50
80,0,51
80,0,52
81,0,9
81,0,10
81,0,11
81,0,12
81,1,13
81,0,14
81,0,15
81,2,16
81,2,17
81,2,18
81,1,19
81,1,20
81,4,21
81,1,22
81,0,23
81,1,24
81,1,25
81,1,26
81,0,27
81,0,28
81,0,29
81,0,30
81,0,31
81,0,32
81,0,33
81,0,34
81,0,35
81,0,36
81,0,37
81,0,38
81,0,39
81,0,40
81,0,41
81,0,42
81,0,43
81,0,44
81,0,45
81,0,46
81,0,47
81,0,48
81,1,49
81,0,50
81,0,51
81,1,52
82,0,9
82,2,10
82,3,11
82,1,12
82,4,13
82,4,14
82,3,15
82,10,16
82,8,17
82,6,18
82,8,19
82,4,20
82,9,21
82,11,22
82,7,23
82,4,24
82,6,25
82,3,26
82,2,27
82,2,28
82,0,29
82,1,30
82,4,31
82,0,32
82,0,33
82,1,34
82,1,35
82,1,36
82,2,37
82,1,38
82,0,39
82,1,40
82,0,41
82,0,42
82,0,43
82,0,44
82,1,45
82,0,46
82,0,47
82,1,48
82,2,49
82,1,50
82,2,51
82,2,52
83,1,9
83,3,10
83,3,11
83,12,12
83,10,13
83,7,14
83,7,15
83,18,16
83,10,17
83,15,18
83,16,19
83,11,20
83,13,21
83,16,22
83,9,23
83,6,24
83,5,25
83,7,26
83,9,27
83,7,28
83,2,29
83,1,30
83,3,31
83,1,32
83,1,33
83,2,34
83,1,35
83,0,36
83,0,37
83,2,38
83,0,39
83,1,40
83,2,41
83,2,42
83,2,43
83,1,44
83,1,45
83,2,46
83,0,47
83,0,48
83,3,49
83,4,50
83,3,51
83,4,52
84,0,9
84,0,10
84,1,11
84,1,12
84,0,13
84,4,14
84,2,15
84,6,16
84,4,17
84,5,18
84,2,19
84,3,20
84,5,21
84,3,22
84,0,23
84,0,24
84,3,25
84,1,26
84,0,27
84,0,28
84,0,29
84,0,30
84,1,31
84,0,32
84,0,33
84,0,34
84,1,35
84,0,36
84,0,37
84,0,38
84,0,39
84,0,40
84,0,41
84,0,42
84,1,43
84,0,44
84,1,45
84,0,46
84,0,47
84,0,48
84,0,49
84,1,50
84,1,51
84,0,52
85,1,9
85,1,10
85,3,11
85,2,12
85,2,13
85,1,14
85,1,15
85,0,16
85,1,17
85,2,18
85,0,19
85,1,20
85,1,21
85,1,22
85,2,23
85,1,24
85,0,25
85,3,26
85,1,27
85,1,28
85,5,29
85,2,30
85,0,31
85,3,32
85,1,33
85,1,34
85,2,35
85,2,36
85,1,37
85,1,38
85,4,39
85,3,40
85,1,41
85,2,42
85,1,43
85,1,44
85,0,45
85,3,46
85,0,47
85,3,48
85,2,49
85,1,50
85,0,51
85,1,52
86,6,9
86,8,10
86,6,11
86,1,12
86,2,13
86,4,14
86,7,15
86,3,16
86,4,17
86,4,18
86,6,19
86,3,20
86,7,21
86,2,22
86,8,23
86,4,24
86,2,25
86,5,26
86,5,27
86,5,28
86,6,29
86,3,30
86,5,31
86,8,32
86,4,33
86,4,34
86,1,35
86,4,36
86,3,37
86,4,38
86,4,39
86,6,40
86,4,41
86,2,42
86,4,43
86,5,44
86,4,45
86,9,46
86,5,47
86,8,48
86,3,49
86,2,50
86,2,51
86,1,52
87,3,9
87,1,10
87,3,11
87,3,12
87,1,13
87,0,14
87,0,15
87,1,16
87,2,17
87,1,18
87,0,19
87,1,20
87,0,21
87,1,22
87,0,23
87,2,24
87,1,25
87,2,26
87,2,27
87,0,28
87,0,29
87,2,30
87,1,31
87,0,32
87,0,33
87,0,34
87,1,35
87,1,36
87,1,37
87,2,38
87,1,39
87,3,40
87,3,41
87,2,42
87,3,43
87,1,44
87,0,45
87,2,46
87,2,47
87,0,48
87,3,49
87,1,50
87,0,51
87,0,52
88,0,9
88,2,10
88,6,11
88,5,12
88,4,13
88,4,14
88,9,15
88,9,16
88,13,17
88,5,18
88,6,19
88,8,20
88,7,21
88,9,22
88,4,23
88,4,24
88,4,25
88,5,26
88,4,27
88,2,28
88,0,29
88,0,30
88,2,31
88,2,32
88,1,33
88,1,34
88,0,35
88,2,36
88,0,37
88,1,38
88,0,39
88,1,40
88,1,41
88,1,42
88,1,43
88,1,44
88,0,45
88,1,46
88,0,47
88,2,48
88,2,49
88,0,50
88,2,51
88,0,52
89,4,9
89,1,10
89,3,11
89,8,12
89,4,13
89,6,14
89,9,15
89,8,16
89,7,17
89,8,18
89,7,19
89,7,20
89,10,21
89,10,22
89,4,23
89,7,24
89,3,25
89,2,26
89,3,27
89,4,28
89,2,29
89,2,30
89,0,31
89,2,32
89,2,33
89,2,34
89,1,35
89,0,36
89,2,37
89,1,38
89,1,39
89,0,40
89,1,41
89,2,42
89,2,43
89,1,44
89,1,45
89,1,46
89,1,47
89,2,48
89,1,49
89,2,50
89,0,51
89,0,52
90,2,9
90,2,10
90,2,11
90,3,12
90,2,13
90,1,14
90,2,15
90,3,16
90,4,17
90,6,18
90,5,19
90,4,20
90,5,21
90,7,22
90,5,23
90,5,24
90,9,25
90,11,26
90,10,27
90,8,28
90,11,29
90,3,30
90,12,31
90,5,32
90,4,33
90,16,34
90,3,35
90,4,36
90,1,37
90,7,38
90,5,39
90,4,40
90,4,41
90,1,42
90,5,43
90,4,44
90,2,45
90,3,46
90,5,47
90,3,48
90,1,49
90,3,50
90,5,51
90,5,52
91,0,9
91,0,10
91,0,11
91,0,12
91,0,13
91,0,14
91,0,15
91,0,16
91,0,17
91,0,18
91,0,19
91,0,20
91,0,21
91,1,22
91,0,23
91,0,24
91,0,25
91,0,26
91,0,27
91,0,28
91,0,29
91,0,30
91,0,31
91,0,32
91,0,33
91,0,34
91,0,35
91,1,36
91,0,37
91,0,38
91,0,39
91,0,40
91,0,41
91,0,42
91,0,43
91,0,44
91,0,45
91,0,46
91,0,47
91,0,48
91,0,49
91,0,50
91,0,51
91,0,52
92,0,9
92,0,10
92,0,11
92,0,12
92,0,13
92,0,14
92,0,15
92,0,16
92,0,17
92,0,18
92,0,19
92,0,20
92,0,21
92,0,22
92,0,23
92,0,24
92,0,25
92,0,26
92,0,27
92,0,28
92,0,29
92,0,30
92,0,31
92,0,32
92,0,33
92,0,34
92,0,35
92,0,36
92,0,37
92,0,38
92,0,39
92,0,40
92,0,41
92,0,42
92,1,43
92,0,44
92,0,45
92,0,46
92,0,47
92,0,48
92,0,49
92,0,50
92,0,51
92,0,52
93,0,9
93,0,10
93,0,11
93,0,12
93,0,13
93,0,14
93,0,15
93,0,16
93,0,17
93,1,18
93,1,19
93,3,20
93,0,21
93,0,22
93,0,23
93,1,24
93,0,25
93,1,26
93,0,27
93,0,28
93,0,29
93,0,30
93,0,31
93,0,32
93,0,33
93,0,34
93,0,35
93,0,36
93,0,37
93,0,38
93,0,39
93,0,40
93,0,41
93,2,42
93,0,43
93,2,44
93,0,45
93,0,46
93,0,47
93,0,48
93,2,49
93,1,50
93,1,51
93,1,52
94,0,9
94,0,10
94,0,11
94,1,12
94,0,13
94,0,14
94,0,15
94,0,16
94,0,17
94,1,18
94,0,19
94,0,20
94,0,21
94,0,22
94,0,23
94,0,24
94,0,25
94,0,26
94,0,27
94,1,28
94,0,29
94,0,30
94,0,31
94,0,32
94,0,33
94,0,34
94,1,35
94,0,36
94,0,37
94,0,38
94,0,39
94,0,40
94,0,41
94,1,42
94,0,43
94,0,44
94,0,45
94,0,46
94,0,47
94,0,48
94,0,49
94,0,50
94,0,51
94,0,52
95,0,9
95,0,10
95,1,11
95,0,12
95,0,13
95,1,14
95,1,15
95,1,16
95,0,17
95,0,18
95,1,19
95,0,20
95,0,21
95,0,22
95,0,23
95,0,24
95,0,25
95,0,26
95,1,27
95,0,28
95,0,29
95,1,30
95,0,31
95,0,32
95,0,33
95,0,34
95,0,35
95,0,36
95,0,37
95,0,38
95,1,39
95,0,40
95,0,41
95,0,42
95,0,43
95,0,44
95,0,45
95,0,46
95,0,47
95,0,48
95,0,49
95,0,50
95,0,51
95,0,52
96,0,9
96,0,10
96,0,11
96,0,12
96,0,13
96,0,14
96,0,15
96,0,16
96,0,17
96,0,18
96,0,19
96,0,20
96,0,21
96,0,22
96,0,23
96,0,24
96,0,25
96,0,26
96,1,27
96,0,28
96,0,29
96,0,30
96,0,31
96,0,32
96,0,33
96,0,34
96,0,35
96,0,36
96,0,37
96,0,38
96,0,39
96,0,40
96,0,41
96,0,42
96,0,43
96,1,44
96,0,45
96,0,46
96,0,47
96,0,48
96,0,49
96,0,50
96,0,51
96,0,52
97,0,9
97,0,10
97,1,11
97,0,12
97,0,13
97,0,14
97,0,15
97,0,16
97,0,17
97,0,18
97,0,19
97,0,20
97,0,21
97,0,22
97,0,23
97,0,24
97,0,25
97,0,26
97,0,27
97,0,28
97,0,29
97,0,30
97,0,31
97,0,32
97,0,33
97,1,34
97,0,35
97,0,36
97,0,37
97,0,38
97,0,39
97,0,40
97,0,41
97,0,42
97,0,43
97,0,44
97,1,45
97,0,46
97,0,47
97,0,48
97,0,49
97,0,50
97,0,51
97,0,52
98,0,9
98,0,10
98,0,11
98,0,12
98,0,13
98,0,14
98,0,15
98,0,16
98,0,17
98,0,18
98,0,19
98,0,20
98,0,21
98,0,22
98,0,23
98,0,24
98,0,25
98,0,26
98,0,27
98,0,28
98,1,29
98,0,30
98,0,31
98,0,32
98,1,33
98,0,34
98,0,35
98,0,36
98,0,37
98,0,38
98,1,39
98,0,40
98,0,41
98,1,42
98,1,43
98,0,44
98,0,45
98,0,46
98,0,47
98,0,48
98,0,49
98,0,50
98,0,51
98,0,52
99,0,9
99,1,10
99,1,11
99,0,12
99,0,13
99,0,14
99,0,15
99,1,16
99,0,17
99,0,18
99,1,19
99,0,20
99,0,21
99,2,22
99,0,23
99,0,24
99,2,25
99,0,26
99,0,27
99,0,28
99,1,29
99,1,30
99,0,31
99,0,32
99,1,33
99,0,34
99,2,35
99,0,36
99,0,37
99,1,38
99,0,39
99,0,40
99,1,41
99,1,42
99,0,43
99,0,44
99,1,45
99,0,46
99,0,47
99,1,48
99,0,49
99,1,50
99,1,51
99,0,52
100,0,9
100,1,10
100,0,11
100,0,12
100,4,13
100,1,14
100,2,15
100,2,16
100,3,17
100,2,18
100,2,19
100,1,20
100,3,21
100,3,22
100,0,23
100,2,24
100,0,25
100,5,26
100,3,27
100,3,28
100,2,29
100,1,30
100,2,31
100,1,32
100,1,33
100,0,34
100,1,35
100,2,36
100,0,37
100,0,38
100,1,39
100,0,40
100,0,41
100,0,42
100,1,43
100,1,44
100,0,45
100,1,46
100,0,47
100,0,48
100,1,49
100,0,50
100,0,51
100,2,52
101,0,9
101,1,10
101,0,11
101,4,12
101,1,13
101,3,14
101,3,15
101,5,16
101,6,17
101,3,18
101,3,19
101,2,20
101,6,21
101,5,22
101,5,23
101,0,24
101,0,25
101,1,26
101,1,27
101,2,28
101,1,29
101,1,30
101,1,31
101,0,32
101,1,33
101,0,34
101,0,35
101,0,36
101,0,37
101,1,38
101,0,39
101,0,40
101,0,41
101,1,42
101,0,43
101,0,44
101,0,45
101,1,46
101,0,47
101,1,48
101,0,49
101,2,50
101,0,51
101,0,52
102,0,9
102,0,10
102,0,11
102,0,12
102,0,13
102,0,14
102,0,15
102,2,16
102,0,17
102,1,18
102,0,19
102,0,20
102,1,21
102,0,22
102,0,23
102,0,24
102,0,25
102,0,26
102,0,27
102,1,28
102,0,29
102,0,30
102,0,31
102,0,32
102,1,33
102,0,34
102,0,35
102,0,36
102,0,37
102,0,38
102,0,39
102,0,40
102,0,41
102,0,42
102,0,43
102,0,44
102,0,45
102,0,46
102,0,47
102,0,48
102,1,49
102,0,50
102,0,51
102,0,52
103,1,9
103,0,10
103,0,11
103,1,12
103,0,13
103,2,14
103,0,15
103,0,16
103,1,17
103,0,18
103,1,19
103,0,20
103,0,21
103,0,22
103,1,23
103,0,24
103,0,25
103,1,26
103,0,27
103,0,28
103,0,29
103,1,30
103,0,31
103,0,32
103,1,33
103,0,34
103,0,35
103,0,36
103,1,37
103,0,38
103,0,39
103,0,40
103,0,41
103,1,42
103,0,43
103,0,44
103,0,45
103,0,46
103,0,47
103,0,48
103,0,49
103,0,50
103,0,51
103,0,52
104,0,9
104,0,10
104,1,11
104,1,12
104,2,13
104,2,14
104,4,15
104,1,16
104,3,17
104,3,18
104,1,19
104,3,20
104,3,21
104,3,22
104,2,23
104,0,24
104,1,25
104,0,26
104,0,27
104,1,28
104,0,29
104,0,30
104,1,31
104,1,32
104,0,33
104,0,34
104,0,35
104,0,36
104,0,37
104,0,38
104,1,39
104,0,40
104,0,41
104,0,42
104,1,43
104,0,44
104,0,45
104,0,46
104,0,47
104,0,48
104,0,49
104,0,50
104,0,51
104,0,52
105,0,9
105,0,10
105,0,11
105,0,12
105,0,13
105,0,14
105,0,15
105,0,16
105,0,17
105,0,18
105,0,19
105,0,20
105,0,21
105,0,22
105,0,23
105,0,24
105,0,25
105,0,26
105,0,27
105,0,28
105,0,29
105,0,30
105,0,31
105,0,32
105,0,33
105,0,34
105,0,35
105,0,36
105,0,37
105,0,38
105,0,39
105,0,40
105,0,41
105,0,42
105,0,43
105,0,44
105,0,45
105,0,46
105,0,47
105,0,48
105,0,49
105,0,50
105,0,51
105,0,52
106,1,9
106,1,10
106,2,11
106,2,12
106,5,13
106,5,14
106,2,15
106,9,16
106,8,17
106,6,18
106,7,19
106,9,20
106,5,21
106,6,22
106,6,23
106,5,24
106,7,25
106,4,26
106,1,27
106,1,28
106,0,29
106,1,30
106,2,31
106,2,32
106,3,33
106,1,34
106,1,35
106,1,36
106,1,37
106,1,38
106,1,39
106,0,40
106,1,41
106,1,42
106,2,43
106,1,44
106,0,45
106,0,46
106,0,47
106,1,48
106,0,49
106,2,50
106,1,51
106,0,52
107,9,9
107,17,10
107,18,11
107,15,12
107,24,13
107,18,14
107,24,15
107,27,16
107,22,17
107,18,18
107,26,19
107,24,20
107,14,21
107,9,22
107,16,23
107,7,24
107,9,25
107,11,26
107,6,27
107,7,28
107,4,29
107,7,30
107,4,31
107,3,32
107,2,33
107,2,34
107,1,35
107,1,36
107,6,37
107,4,38
107,4,39
107,2,40
107,2,41
107,4,42
107,3,43
107,3,44
107,4,45
107,5,46
107,1,47
107,2,48
107,6,49
107,3,50
107,5,51
107,3,52
108,2,9
108,4,10
108,3,11
108,7,12
108,2,13
108,8,14
108,8,15
108,9,16
108,10,17
108,7,18
108,6,19
108,15,20
108,4,21
108,7,22
108,4,23
108,3,24
108,2,25
108,2,26
108,0,27
108,2,28
108,3,29
108,2,30
108,0,31
108,1,32
108,2,33
108,1,34
108,2,35
108,0,36
108,0,37
108,1,38
108,1,39
108,0,40
108,1,41
108,0,42
108,0,43
108,1,44
108,0,45
108,0,46
108,0,47
108,3,48
108,1,49
108,1,50
108,1,51
108,0,52
109,2,9
109,2,10
109,14,11
109,5,12
109,5,13
109,8,14
109,16,15
109,16,16
109,17,17
109,6,18
109,13,19
109,9,20
109,8,21
109,1,22
109,7,23
109,3,24
109,5,25
109,3,26
109,1,27
109,1,28
109,2,29
109,0,30
109,1,31
109,0,32
109,0,33
109,1,34
109,0,35
109,2,36
109,1,37
109,0,38
109,0,39
109,1,40
109,0,41
109,1,42
109,0,43
109,1,44
109,0,45
109,1,46
109,0,47
109,1,48
109,0,49
109,1,50
109,1,51
109,0,52
110,3,9
110,0,10
110,1,11
110,4,12
110,2,13
110,3,14
110,4,15
110,1,16
110,5,17
110,4,18
110,5,19
110,3,20
110,4,21
110,1,22
110,2,23
110,5,24
110,3,25
110,1,26
110,4,27
110,3,28
110,3,29
110,0,30
110,0,31
110,0,32
110,1,33
110,3,34
110,0,35
110,0,36
110,3,37
110,2,38
110,5,39
110,0,40
110,0,41
110,2,42
110,3,43
110,1,44
110,3,45
110,4,46
110,4,47
110,2,48
110,1,49
110,1,50
110,4,51
110,4,52
111,1,9
111,0,10
111,0,11
111,1,12
111,0,13
111,1,14
111,0,15
111,1,16
111,1,17
111,1,18
111,1,19
111,1,20
111,0,21
111,0,22
111,1,23
111,1,24
111,2,25
111,1,26
111,0,27
111,0,28
111,0,29
111,2,30
111,1,31
111,1,32
111,4,33
111,0,34
111,1,35
111,1,36
111,0,37
111,0,38
111,0,39
111,1,40
111,0,41
111,1,42
111,0,43
111,3,44
111,0,45
111,1,46
111,1,47
111,1,48
111,1,49
111,2,50
111,2,51
111,0,52
112,0,9
112,0,10
112,3,11
112,1,12
112,2,13
112,0,14
112,2,15
112,1,16
112,1,17
112,1,18
112,0,19
112,2,20
112,0,21
112,0,22
112,1,23
112,0,24
112,0,25
112,2,26
112,0,27
112,2,28
112,1,29
112,1,30
112,1,31
112,0,32
112,1,33
112,0,34
112,3,35
112,0,36
112,1,37
112,1,38
112,1,39
112,1,40
112,1,41
112,2,42
112,0,43
112,1,44
112,0,45
112,2,46
112,0,47
112,0,48
112,1,49
112,1,50
112,0,51
112,2,52
113,1,9
113,1,10
113,0,11
113,2,12
113,5,13
113,0,14
113,4,15
113,6,16
113,4,17
113,9,18
113,8,19
113,5,20
113,1,21
113,4,22
113,3,23
113,1,24
113,2,25
113,2,26
113,0,27
113,3,28
113,1,29
113,2,30
113,1,31
113,1,32
113,1,33
113,0,34
113,2,35
113,0,36
113,0,37
113,0,38
113,2,39
113,0,40
113,0,41
113,0,42
113,1,43
113,1,44
113,0,45
113,1,46
113,0,47
113,0,48
113,0,49
113,1,50
113,1,51
113,0,52
114,3,9
114,7,10
114,3,11
114,7,12
114,8,13
114,6,14
114,10,15
114,20,16
114,25,17
114,22,18
114,10,19
114,13,20
114,7,21
114,6,22
114,9,23
114,4,24
114,7,25
114,5,26
114,3,27
114,3,28
114,2,29
114,3,30
114,1,31
114,1,32
114,0,33
114,1,34
114,3,35
114,1,36
114,2,37
114,1,38
114,0,39
114,2,40
114,2,41
114,0,42
114,1,43
114,2,44
114,1,45
114,3,46
114,2,47
114,3,48
114,1,49
114,1,50
114,5,51
114,2,52
115,1,9
115,3,10
115,0,11
115,3,12
115,1,13
115,3,14
115,1,15
115,4,16
115,1,17
115,4,18
115,4,19
115,5,20
115,4,21
115,1,22
115,8,23
115,2,24
115,2,25
115,3,26
115,5,27
115,0,28
115,3,29
115,3,30
115,2,31
115,3,32
115,1,33
115,4,34
115,1,35
115,2,36
115,2,37
115,4,38
115,4,39
115,2,40
115,1,41
115,1,42
115,1,43
115,3,44
115,1,45
115,1,46
115,1,47
115,2,48
115,0,49
115,1,50
115,4,51
115,2,52
116,0,9
116,0,10
116,0,11
116,0,12
116,0,13
116,1,14
116,2,15
116,1,16
116,0,17
116,0,18
116,2,19
116,0,20
116,0,21
116,0,22
116,2,23
116,1,24
116,0,25
116,0,26
116,0,27
116,1,28
116,0,29
116,0,30
116,0,31
116,0,32
116,2,33
116,0,34
116,1,35
116,0,36
116,1,37
116,0,38
116,0,39
116,0,40
116,0,41
116,0,42
116,0,43
116,0,44
116,0,45
116,0,46
116,0,47
116,1,48
116,0,49
116,1,50
116,0,51
116,0,52
117,0,9
117,1,10
117,1,11
117,1,12
117,2,13
117,3,14
117,2,15
117,1,16
117,5,17
117,3,18
117,3,19
117,0,20
117,2,21
117,2,22
117,0,23
117,1,24
117,0,25
117,0,26
117,0,27
117,1,28
117,0,29
117,0,30
117,0,31
117,1,32
117,0,33
117,0,34
117,0,35
117,1,36
117,0,37
117,0,38
117,0,39
117,0,40
117,1,41
117,0,42
117,0,43
117,0,44
117,0,45
117,1,46
117,0,47
117,1,48
117,0,49
117,0,50
117,0,51
117,0,52
118,1,9
118,2,10
118,1,11
118,0,12
118,0,13
118,3,14
118,1,15
118,4,16
118,1,17
118,1,18
118,2,19
118,1,20
118,2,21
118,1,22
118,0,23
118,2,24
118,0,25
118,1,26
118,1,27
118,0,28
118,0,29
118,0,30
118,0,31
118,0,32
118,0,33
118,0,34
118,0,35
118,1,36
118,1,37
118,0,38
118,0,39
118,0,40
118,0,41
118,0,42
118,0,43
118,0,44
118,0,45
118,0,46
118,1,47
118,0,48
118,0,49
118,2,50
118,0,51
118,2,52
119,1,9
119,0,10
119,0,11
119,2,12
119,2,13
119,3,14
119,2,15
119,2,16
119,9,17
119,1,18
119,3,19
119,6,20
119,5,21
119,3,22
119,0,23
119,0,24
119,0,25
119,1,26
119,0,27
119,2,28
119,0,29
119,0,30
119,0,31
119,0,32
119,0,33
119,0,34
119,0,35
119,0,36
119,0,37
119,0,38
119,0,39
119,0,40
119,0,41
119,0,42
119,1,43
119,0,44
119,0,45
119,0,46
119,1,47
119,0,48
119,0,49
119,2,50
119,1,51
119,0,52
120,0,9
120,1,10
120,1,11
120,0,12
120,3,13
120,0,14
120,5,15
120,3,16
120,4,17
120,4,18
120,4,19
120,7,20
120,2,21
120,1,22
120,0,23
120,0,24
120,0,25
120,0,26
120,1,27
120,0,28
120,0,29
120,1,30
120,0,31
120,0,32
120,1,33
120,0,34
120,0,35
120,0,36
120,0,37
120,0,38
120,0,39
120,0,40
120,0,41
120,0,42
120,0,43
120,1,44
120,0,45
120,0,46
120,0,47
120,0,48
120,0,49
120,2,50
120,0,51
120,2,52
121,0,9
121,2,10
121,1,11
121,2,12
121,1,13
121,3,14
121,1,15
121,2,16
121,1,17
121,1,18
121,3,19
121,1,20
121,1,21
121,5,22
121,2,23
121,0,24
121,2,25
121,1,26
121,1,27
121,0,28
121,0,29
121,1,30
121,1,31
121,1,32
121,0,33
121,0,34
121,0,35
121,0,36
121,1,37
121,0,38
121,0,39
121,0,40
121,0,41
121,0,42
121,0,43
121,2,44
121,1,45
121,1,46
121,0,47
121,2,48
121,0,49
121,2,50
121,1,51
121,1,52
122,0,9
122,3,10
122,0,11
122,1,12
122,1,13
122,0,14
122,1,15
122,2,16
122,4,17
122,1,18
122,4,19
122,2,20
122,4,21
122,7,22
122,8,23
122,12,24
122,10,25
122,3,26
122,4,27
122,5,28
122,6,29
122,3,30
122,2,31
122,7,32
122,3,33
122,5,34
122,1,35
122,2,36
122,2,37
122,3,38
122,8,39
122,7,40
122,2,41
122,1,42
122,5,43
122,2,44
122,2,45
122,4,46
122,6,47
122,3,48
122,5,49
122,2,50
122,1,51
122,0,52
123,3,9
123,2,10
123,0,11
123,0,12
123,2,13
123,3,14
123,5,15
123,5,16
123,6,17
123,5,18
123,5,19
123,1,20
123,7,21
123,4,22
123,4,23
123,1,24
123,1,25
123,1,26
123,0,27
123,1,28
123,1,29
123,0,30
123,0,31
123,0,32
123,0,33
123,0,34
123,0,35
123,0,36
123,0,37
123,1,38
123,0,39
123,0,40
123,0,41
123,0,42
123,0,43
123,0,44
123,0,45
123,1,46
123,0,47
123,0,48
123,0,49
123,0,50
123,0,51
123,0,52
124,4,9
124,4,10
124,1,11
124,4,12
124,7,13
124,9,14
124,13,15
124,14,16
124,11,17
124,12,18
124,8,19
124,11,20
124,4,21
124,10,22
124,5,23
124,6,24
124,3,25
124,4,26
124,4,27
124,3,28
124,0,29
124,1,30
124,1,31
124,4,32
124,1,33
124,0,34
124,2,35
124,1,36
124,0,37
124,1,38
124,0,39
124,1,40
124,0,41
124,1,42
124,0,43
124,1,44
124,0,45
124,0,46
124,2,47
124,0,48
124,1,49
124,0,50
124,0,51
124,2,52
125,0,9
125,1,10
125,1,11
125,1,12
125,2,13
125,2,14
125,8,15
125,5,16
125,6,17
125,1,18
125,1,19
125,1,20
125,1,21
125,5,22
125,0,23
125,1,24
125,2,25
125,2,26
125,1,27
125,1,28
125,1,29
125,1,30
125,0,31
125,0,32
125,1,33
125,1,34
125,1,35
125,0,36
125,2,37
125,0,38
125,0,39
125,0,40
125,0,41
125,0,42
125,0,43
125,0,44
125,0,45
125,0,46
125,0,47
125,2,48
125,1,49
125,0,50
125,0,51
125,1,52
126,0,9
126,0,10
126,0,11
126,0,12
126,0,13
126,0,14
126,0,15
126,0,16
126,0,17
126,1,18
126,0,19
126,0,20
126,0,21
126,0,22
126,0,23
126,0,24
126,0,25
126,0,26
126,0,27
126,0,28
126,0,29
126,1,30
126,0,31
126,0,32
126,0,33
126,0,34
126,0,35
126,0,36
126,0,37
126,0,38
126,0,39
126,0,40
126,1,41
126,0,42
126,0,43
126,0,44
126,0,45
126,0,46
126,0,47
126,0,48
126,1,49
126,1,50
126,0,51
126,0,52
127,0,9
127,1,10
127,4,11
127,0,12
127,2,13
127,1,14
127,2,15
127,1,16
127,1,17
127,1,18
127,2,19
127,2,20
127,0,21
127,1,22
127,0,23
127,1,24
127,0,25
127,0,26
127,0,27
127,0,28
127,0,29
127,0,30
127,0,31
127,0,32
127,0,33
127,0,34
127,1,35
127,0,36
127,0,37
127,0,38
127,0,39
127,0,40
127,0,41
127,0,42
127,0,43
127,0,44
127,1,45
127,0,46
127,0,47
127,1,48
127,0,49
127,0,50
127,0,51
127,1,52
128,1,9
128,1,10
128,1,11
128,1,12
128,1,13
128,2,14
128,2,15
128,4,16
128,2,17
128,2,18
128,1,19
128,1,20
128,2,21
128,2,22
128,1,23
128,2,24
128,0,25
128,3,26
128,0,27
128,2,28
128,0,29
128,0,30
128,1,31
128,0,32
128,1,33
128,0,34
128,0,35
128,0,36
128,1,37
128,0,38
128,0,39
128,2,40
128,0,41
128,1,42
128,1,43
128,0,44
128,1,45
128,1,46
128,0,47
128,0,48
128,0,49
128,2,50
128,0,51
128,2,52
129,0,9
129,0,10
129,0,11
129,0,12
129,0,13
129,0,14
129,0,15
129,0,16
129,0,17
129,0,18
129,0,19
129,0,20
129,0,21
129,0,22
129,0,23
129,0,24
129,0,25
129,0,26
129,0,27
129,0,28
129,0,29
129,0,30
129,0,31
129,0,32
129,0,33
129,0,34
129,0,35
129,0,36
129,0,37
129,0,38
129,0,39
129,0,40
129,0,41
129,0,42
129,0,43
129,0,44
129,0,45
129,0,46
129,0,47
129,0,48
129,0,49
129,0,50
129,0,51
129,0,52
130,1,9
130,0,10
130,0,11
130,3,12
130,1,13
130,0,14
130,2,15
130,1,16
130,3,17
130,0,18
130,2,19
130,1,20
130,1,21
130,1,22
130,0,23
130,0,24
130,0,25
130,0,26
130,0,27
130,0,28
130,0,29
130,0,30
130,0,31
130,0,32
130,0,33
130,0,34
130,0,35
130,0,36
130,0,37
130,0,38
130,0,39
130,0,40
130,0,41
130,0,42
130,0,43
130,0,44
130,0,45
130,1,46
130,1,47
130,0,48
130,0,49
130,0,50
130,0,51
130,0,52
131,0,9
131,0,10
131,0,11
131,0,12
131,0,13
131,0,14
131,0,15
131,0,16
131,0,17
131,0,18
131,0,19
131,0,20
131,0,21
131,1,22
131,0,23
131,0,24
131,0,25
131,0,26
131,0,27
131,1,28
131,0,29
131,1,30
131,0,31
131,0,32
131,0,33
131,0,34
131,0,35
131,1,36
131,0,37
131,0,38
131,0,39
131,1,40
131,0,41
131,1,42
131,0,43
131,0,44
131,0,45
131,0,46
131,0,47
131,2,48
131,0,49
131,0,50
131,0,51
131,0,52
132,1,9
132,0,10
132,0,11
132,2,12
132,1,13
132,2,14
132,4,15
132,1,16
132,2,17
132,1,18
132,2,19
132,6,20
132,5,21
132,1,22
132,4,23
132,2,24
132,1,25
132,0,26
132,1,27
132,1,28
132,1,29
132,1,30
132,0,31
132,1,32
132,2,33
132,2,34
132,0,35
132,1,36
132,1,37
132,2,38
132,0,39
132,0,40
132,0,41
132,0,42
132,1,43
132,0,44
132,1,45
132,0,46
132,0,47
132,1,48
132,0,49
132,0,50
132,0,51
132,0,52
133,0,9
133,0,10
133,0,11
133,0,12
133,0,13
133,1,14
133,0,15
133,0,16
133,0,17
133,0,18
133,0,19
133,0,20
133,0,21
133,0,22
133,0,23
133,0,24
133,0,25
133,0,26
133,0,27
133,0,28
133,0,29
133,0,30
133,0,31
133,0,32
133,0,33
133,0,34
133,0,35
133,0,36
133,0,37
133,0,38
133,0,39
133,0,40
133,0,41
133,0,42
133,0,43
133,0,44
133,0,45
133,0,46
133,0,47
133,0,48
133,0,49
133,0,50
133,0,51
133,0,52
134,3,9
134,4,10
134,0,11
134,3,12
134,2,13
134,3,14
134,2,15
134,4,16
134,2,17
134,3,18
134,6,19
134,5,20
134,4,21
134,3,22
134,3,23
134,0,24
134,4,25
134,1,26
134,2,27
134,1,28
134,0,29
134,1,30
134,3,31
134,1,32
134,0,33
134,3,34
134,2,35
134,0,36
134,0,37
134,1,38
134,2,39
134,1,40
134,1,41
134,0,42
134,1,43
134,1,44
134,1,45
134,0,46
134,0,47
134,1,48
134,0,49
134,0,50
134,0,51
134,0,52
135,3,9
135,4,10
135,2,11
135,5,12
135,2,13
135,4,14
135,2,15
135,4,16
135,3,17
135,1,18
135,5,19
135,3,20
135,3,21
135,1,22
135,3,23
135,1,24
135,2,25
135,1,26
135,0,27
135,1,28
135,1,29
135,1,30
135,1,31
135,0,32
135,0,33
135,0,34
135,0,35
135,0,36
135,0,37
135,0,38
135,0,39
135,0,40
135,0,41
135,0,42
135,0,43
135,0,44
135,0,45
135,0,46
135,0,47
135,0,48
135,1,49
135,0,50
135,0,51
135,0,52
136,0,9
136,0,10
136,1,11
136,0,12
136,0,13
136,0,14
136,0,15
136,0,16
136,0,17
136,1,18
136,1,19
136,0,20
136,0,21
136,0,22
136,0,23
136,0,24
136,0,25
136,0,26
136,1,27
136,0,28
136,0,29
136,1,30
136,0,31
136,0,32
136,0,33
136,0,34
136,0,35
136,0,36
136,1,37
136,0,38
136,0,39
136,0,40
136,0,41
136,0,42
136,1,43
136,0,44
136,0,45
136,0,46
136,0,47
136,0,48
136,0,49
136,0,50
136,1,51
136,0,52
137,0,9
137,0,10
137,0,11
137,0,12
137,1,13
137,0,14
137,2,15
137,2,16
137,4,17
137,0,18
137,2,19
137,2,20
137,0,21
137,0,22
137,1,23
137,1,24
137,0,25
137,0,26
137,0,27
137,0,28
137,0,29
137,0,30
137,0,31
137,0,32
137,0,33
137,0,34
137,0,35
137,2,36
137,0,37
137,0,38
137,0,39
137,0,40
137,0,41
137,0,42
137,0,43
137,0,44
137,0,45
137,0,46
137,0,47
137,0,48
137,1,49
137,0,50
137,1,51
137,0,52
138,6,9
138,3,10
138,5,11
138,7,12
138,6,13
138,5,14
138,5,15
138,7,16
138,4,17
138,9,18
138,5,19
138,6,20
138,10,21
138,5,22
138,4,23
138,2,24
138,0,25
138,2,26
138,0,27
138,0,28
138,2,29
138,1,30
138,0,31
138,0,32
138,1,33
138,0,34
138,0,35
138,0,36
138,0,37
138,0,38
138,0,39
138,0,40
138,0,41
138,0,42
138,0,43
138,0,44
138,0,45
138,0,46
138,0,47
138,0,48
138,1,49
138,1,50
138,0,51
138,1,52
139,12,9
139,18,10
139,22,11
139,32,12
139,27,13
139,31,14
139,54,15
139,65,16
139,65,17
139,55,18
139,50,19
139,48,20
139,35,21
139,42,22
139,24,23
139,14,24
139,12,25
139,15,26
139,10,27
139,6,28
139,3,29
139,4,30
139,3,31
139,6,32
139,3,33
139,0,34
139,0,35
139,2,36
139,1,37
139,0,38
139,1,39
139,1,40
139,1,41
139,2,42
139,3,43
139,3,44
139,1,45
139,0,46
139,3,47
139,1,48
139,1,49
139,0,50
139,1,51
139,2,52
140,3,9
140,4,10
140,9,11
140,6,12
140,12,13
140,12,14
140,18,15
140,19,16
140,31,17
140,18,18
140,19,19
140,16,20
140,17,21
140,15,22
140,8,23
140,6,24
140,4,25
140,8,26
140,4,27
140,0,28
140,0,29
140,0,30
140,1,31
140,2,32
140,0,33
140,0,34
140,0,35
140,0,36
140,1,37
140,1,38
140,0,39
140,0,40
140,1,41
140,1,42
140,1,43
140,0,44
140,0,45
140,1,46
140,1,47
140,0,48
140,0,49
140,1,50
140,1,51
140,0,52
141,5,9
141,10,10
141,13,11
141,13,12
141,21,13
141,27,14
141,36,15
141,60,16
141,63,17
141,38,18
141,45,19
141,38,20
141,39,21
141,25,22
141,19,23
141,17,24
141,20,25
141,12,26
141,11,27
141,6,28
141,3,29
141,1,30
141,3,31
141,1,32
141,1,33
141,3,34
141,1,35
141,3,36
141,2,37
141,1,38
141,2,39
141,1,40
141,2,41
141,1,42
141,2,43
141,2,44
141,2,45
141,1,46
141,1,47
141,2,48
141,2,49
141,1,50
141,1,51
141,2,52
142,1,9
142,5,10
142,5,11
142,4,12
142,11,13
142,17,14
142,22,15
142,36,16
142,32,17
142,27,18
142,23,19
142,28,20
142,10,21
142,19,22
142,15,23
142,3,24
142,7,25
142,1,26
142,4,27
142,3,28
142,2,29
142,3,30
142,3,31
142,0,32
142,0,33
142,0,34
142,0,35
142,0,36
142,2,37
142,0,38
142,0,39
142,1,40
142,1,41
142,0,42
142,1,43
142,0,44
142,1,45
142,3,46
142,0,47
142,0,48
142,3,49
142,0,50
142,1,51
142,2,52
143,1,9
143,1,10
143,1,11
143,0,12
143,4,13
143,3,14
143,1,15
143,2,16
143,2,17
143,2,18
143,1,19
143,3,20
143,3,21
143,1,22
143,0,23
143,2,24
143,0,25
143,1,26
143,2,27
143,0,28
143,0,29
143,0,30
143,2,31
143,0,32
143,1,33
143,0,34
143,0,35
143,1,36
143,0,37
143,0,38
143,0,39
143,0,40
143,0,41
143,0,42
143,0,43
143,0,44
143,2,45
143,1,46
143,1,47
143,0,48
143,1,49
143,1,50
143,1,51
143,1,52
144,6,9
144,0,10
144,2,11
144,7,12
144,3,13
144,8,14
144,7,15
144,4,16
144,5,17
144,9,18
144,4,19
144,7,20
144,12,21
144,5,22
144,7,23
144,5,24
144,11,25
144,10,26
144,5,27
144,10,28
144,8,29
144,10,30
144,6,31
144,7,32
144,9,33
144,12,34
144,9,35
144,9,36
144,9,37
144,5,38
144,5,39
144,9,40
144,1,41
144,4,42
144,1,43
144,8,44
144,4,45
144,9,46
144,8,47
144,6,48
144,7,49
144,4,50
144,2,51
144,1,52
145,0,9
145,0,10
145,0,11
145,0,12
145,0,13
145,0,14
145,0,15
145,2,16
145,0,17
145,0,18
145,2,19
145,0,20
145,0,21
145,0,22
145,0,23
145,0,24
145,0,25
145,0,26
145,1,27
145,0,28
145,1,29
145,0,30
145,0,31
145,1,32
145,0,33
145,0,34
145,0,35
145,1,36
145,0,37
145,0,38
145,2,39
145,2,40
145,0,41
145,0,42
145,0,43
145,0,44
145,0,45
145,0,46
145,0,47
145,3,48
145,1,49
145,0,50
145,1,51
145,1,52
146,1,9
146,0,10
146,0,11
146,1,12
146,1,13
146,0,14
146,0,15
146,5,16
146,1,17
146,1,18
146,0,19
146,0,20
146,0,21
146,2,22
146,0,23
146,1,24
146,1,25
146,1,26
146,0,27
146,1,28
146,0,29
146,1,30
146,2,31
146,0,32
146,0,33
146,1,34
146,0,35
146,0,36
146,0,37
146,0,38
146,1,39
146,0,40
146,1,41
146,0,42
146,0,43
146,0,44
146,0,45
146,1,46
146,0,47
146,1,48
146,0,49
146,0,50
146,1,51
146,0,52
147,0,9
147,2,10
147,1,11
147,6,12
147,2,13
147,1,14
147,5,15
147,2,16
147,5,17
147,2,18
147,8,19
147,10,20
147,3,21
147,5,22
147,4,23
147,1,24
147,2,25
147,1,26
147,2,27
147,3,28
147,0,29
147,1,30
147,0,31
147,0,32
147,0,33
147,0,34
147,0,35
147,0,36
147,1,37
147,2,38
147,3,39
147,0,40
147,0,41
147,1,42
147,0,43
147,1,44
147,0,45
147,0,46
147,0,47
147,1,48
147,0,49
147,1,50
147,0,51
147,1,52
148,1,9
148,2,10
148,0,11
148,1,12
148,0,13
148,0,14
148,2,15
148,0,16
148,3,17
148,2,18
148,3,19
148,3,20
148,2,21
148,2,22
148,5,23
148,0,24
148,1,25
148,4,26
148,2,27
148,3,28
148,3,29
148,3,30
148,0,31
148,2,32
148,2,33
148,5,34
148,3,35
148,3,36
148,4,37
148,5,38
148,2,39
148,4,40
148,1,41
148,2,42
148,1,43
148,1,44
148,1,45
148,4,46
148,0,47
148,1,48
148,2,49
148,1,50
148,0,51
148,0,52
149,2,9
149,3,10
149,1,11
149,1,12
149,4,13
149,1,14
149,4,15
149,1,16
149,3,17
149,1,18
149,4,19
149,3,20
149,2,21
149,1,22
149,3,23
149,3,24
149,0,25
149,0,26
149,0,27
149,1,28
149,0,29
149,0,30
149,0,31
149,1,32
149,0,33
149,0,34
149,1,35
149,0,36
149,2,37
149,0,38
149,0,39
149,0,40
149,0,41
149,1,42
149,1,43
149,0,44
149,1,45
149,0,46
149,1,47
149,2,48
149,2,49
149,2,50
149,4,51
149,1,52
150,2,9
150,1,10
150,0,11
150,0,12
150,0,13
150,2,14
150,0,15
150,1,16
150,3,17
150,2,18
150,4,19
150,0,20
150,2,21
150,3,22
150,0,23
150,1,24
150,2,25
150,0,26
150,2,27
150,0,28
150,3,29
150,0,30
150,3,31
150,2,32
150,1,33
150,1,34
150,2,35
150,0,36
150,1,37
150,0,38
150,1,39
150,0,40
150,0,41
150,2,42
150,0,43
150,2,44
150,0,45
150,0,46
150,2,47
150,2,48
150,0,49
150,1,50
150,1,51
150,1,52
151,0,9
151,0,10
151,1,11
151,2,12
151,3,13
151,6,14
151,3,15
151,3,16
151,6,17
151,3,18
151,4,19
151,3,20
151,3,21
151,3,22
151,1,23
151,4,24
151,1,25
151,2,26
151,1,27
151,2,28
151,0,29
151,3,30
151,2,31
151,1,32
151,1,33
151,0,34
151,0,35
151,1,36
151,0,37
151,0,38
151,2,39
151,0,40
151,1,41
151,1,42
151,0,43
151,0,44
151,1,45
151,0,46
151,0,47
151,0,48
151,1,49
151,1,50
151,1,51
151,1,52
152,0,9
152,0,10
152,0,11
152,0,12
152,0,13
152,0,14
152,0,15
152,0,16
152,1,17
152,0,18
152,0,19
152,0,20
152,0,21
152,0,22
152,1,23
152,0,24
152,0,25
152,0,26
152,0,27
152,0,28
152,0,29
152,0,30
152,0,31
152,0,32
152,0,33
152,0,34
152,0,35
152,0,36
152,0,37
152,0,38
152,0,39
152,0,40
152,0,41
152,0,42
152,0,43
152,0,44
152,0,45
152,0,46
152,0,47
152,0,48
152,0,49
152,0,50
152,0,51
152,0,52
153,0,9
153,0,10
153,0,11
153,0,12
153,0,13
153,0,14
153,0,15
153,1,16
153,0,17
153,0,18
153,0,19
153,0,20
153,0,21
153,0,22
153,0,23
153,0,24
153,0,25
153,0,26
153,0,27
153,0,28
153,0,29
153,0,30
153,0,31
153,0,32
153,0,33
153,0,34
153,0,35
153,0,36
153,0,37
153,0,38
153,0,39
153,0,40
153,0,41
153,0,42
153,0,43
153,0,44
153,0,45
153,0,46
153,0,47
153,0,48
153,0,49
153,0,50
153,0,51
153,1,52
154,3,9
154,2,10
154,3,11
154,4,12
154,9,13
154,6,14
154,13,15
154,10,16
154,12,17
154,7,18
154,6,19
154,7,20
154,8,21
154,11,22
154,7,23
154,2,24
154,4,25
154,4,26
154,1,27
154,2,28
154,1,29
154,1,30
154,0,31
154,0,32
154,1,33
154,0,34
154,0,35
154,0,36
154,0,37
154,0,38
154,0,39
154,0,40
154,0,41
154,0,42
154,0,43
154,0,44
154,0,45
154,0,46
154,0,47
154,0,48
154,0,49
154,0,50
154,0,51
154,1,52
155,2,9
155,2,10
155,5,11
155,4,12
155,6,13
155,9,14
155,16,15
155,15,16
155,18,17
155,23,18
155,26,19
155,19,20
155,13,21
155,13,22
155,13,23
155,2,24
155,5,25
155,9,26
155,8,27
155,2,28
155,0,29
155,2,30
155,3,31
155,2,32
155,3,33
155,0,34
155,0,35
155,1,36
155,0,37
155,3,38
155,0,39
155,2,40
155,1,41
155,1,42
155,1,43
155,0,44
155,1,45
155,0,46
155,2,47
155,1,48
155,0,49
155,2,50
155,1,51
155,3,52
156,2,9
156,1,10
156,0,11
156,4,12
156,6,13
156,13,14
156,28,15
156,38,16
156,31,17
156,19,18
156,26,19
156,23,20
156,15,21
156,19,22
156,12,23
156,2,24
156,3,25
156,2,26
156,2,27
156,1,28
156,0,29
156,0,30
156,1,31
156,1,32
156,1,33
156,0,34
156,1,35
156,0,36
156,0,37
156,0,38
156,0,39
156,0,40
156,0,41
156,0,42
156,0,43
156,1,44
156,0,45
156,2,46
156,2,47
156,1,48
156,0,49
156,0,50
156,0,51
156,0,52
157,0,9
157,4,10
157,1,11
157,2,12
157,1,13
157,3,14
157,3,15
157,0,16
157,2,17
157,2,18
157,7,19
157,4,20
157,5,21
157,4,22
157,3,23
157,1,24
157,5,25
157,7,26
157,3,27
157,7,28
157,3,29
157,10,30
157,4,31
157,3,32
157,7,33
157,7,34
157,2,35
157,0,36
157,5,37
157,5,38
157,1,39
157,5,40
157,3,41
157,2,42
157,2,43
157,2,44
157,5,45
157,3,46
157,1,47
157,3,48
157,3,49
157,1,50
157,2,51
157,2,52
158,1,9
158,0,10
158,0,11
158,0,12
158,0,13
158,1,14
158,0,15
158,0,16
158,0,17
158,0,18
158,0,19
158,0,20
158,0,21
158,1,22
158,0,23
158,2,24
158,0,25
158,0,26
158,0,27
158,0,28
158,0,29
158,1,30
158,0,31
158,1,32
158,0,33
158,2,34
158,2,35
158,0,36
158,0,37
158,0,38
158,0,39
158,1,40
158,1,41
158,1,42
158,0,43
158,0,44
158,1,45
158,0,46
158,0,47
158,0,48
158,0,49
158,0,50
158,1,51
158,0,52
159,0,9
159,0,10
159,0,11
159,2,12
159,0,13
159,1,14
159,1,15
159,7,16
159,6,17
159,0,18
159,0,19
159,7,20
159,2,21
159,4,22
159,2,23
159,0,24
159,0,25
159,0,26
159,0,27
159,0,28
159,0,29
159,0,30
159,0,31
159,0,32
159,0,33
159,0,34
159,0,35
159,0,36
159,0,37
159,0,38
159,0,39
159,0,40
159,0,41
159,0,42
159,0,43
159,0,44
159,0,45
159,0,46
159,1,47
159,0,48
159,0,49
159,0,50
159,0,51
159,0,52
160,0,9
160,0,10
160,0,11
160,0,12
160,0,13
160,0,14
160,0,15
160,0,16
160,0,17
160,0,18
160,1,19
160,0,20
160,0,21
160,0,22
160,0,23
160,0,24
160,1,25
160,0,26
160,0,27
160,0,28
160,0,29
160,0,30
160,0,31
160,0,32
160,0,33
160,0,34
160,0,35
160,0,36
160,0,37
160,0,38
160,0,39
160,2,40
160,0,41
160,0,42
160,0,43
160,0,44
160,0,45
160,0,46
160,0,47
160,0,48
160,0,49
160,0,50
160,0,51
160,0,52
